-- MySQL dump 10.13  Distrib 5.7.25, for Linux (x86_64)
--
-- Host: localhost    Database: kassensystem
-- ------------------------------------------------------
-- Server version	5.7.25-0ubuntu0.16.04.2

/*!40101 SET @OLD_CHARACTER_SET_CLIENT=@@CHARACTER_SET_CLIENT */;
/*!40101 SET @OLD_CHARACTER_SET_RESULTS=@@CHARACTER_SET_RESULTS */;
/*!40101 SET @OLD_COLLATION_CONNECTION=@@COLLATION_CONNECTION */;
/*!40101 SET NAMES utf8 */;
/*!40103 SET @OLD_TIME_ZONE=@@TIME_ZONE */;
/*!40103 SET TIME_ZONE='+00:00' */;
/*!40014 SET @OLD_UNIQUE_CHECKS=@@UNIQUE_CHECKS, UNIQUE_CHECKS=0 */;
/*!40014 SET @OLD_FOREIGN_KEY_CHECKS=@@FOREIGN_KEY_CHECKS, FOREIGN_KEY_CHECKS=0 */;
/*!40101 SET @OLD_SQL_MODE=@@SQL_MODE, SQL_MODE='NO_AUTO_VALUE_ON_ZERO' */;
/*!40111 SET @OLD_SQL_NOTES=@@SQL_NOTES, SQL_NOTES=0 */;

--
-- Table structure for table `archive`
--

DROP TABLE IF EXISTS `archive`;
/*!40101 SET @saved_cs_client     = @@character_set_client */;
/*!40101 SET character_set_client = utf8 */;
CREATE TABLE `archive` (
  `archiveID` int(11) NOT NULL AUTO_INCREMENT,
  `name` char(30) NOT NULL,
  `retailprice` float DEFAULT NULL,
  `date` datetime DEFAULT NULL,
  PRIMARY KEY (`archiveID`),
  UNIQUE KEY `archive_archiveID_uindex` (`archiveID`)
) ENGINE=InnoDB DEFAULT CHARSET=utf8;
/*!40101 SET character_set_client = @saved_cs_client */;

--
-- Dumping data for table `archive`
--

LOCK TABLES `archive` WRITE;
/*!40000 ALTER TABLE `archive` DISABLE KEYS */;
/*!40000 ALTER TABLE `archive` ENABLE KEYS */;
UNLOCK TABLES;

--
-- Table structure for table `itemarchive`
--

DROP TABLE IF EXISTS `itemarchive`;
/*!40101 SET @saved_cs_client     = @@character_set_client */;
/*!40101 SET character_set_client = utf8 */;
CREATE TABLE `itemarchive` (
  `archiveID` int(11) NOT NULL AUTO_INCREMENT,
  `itemID` int(11) DEFAULT NULL,
  `name` char(30) NOT NULL,
  `retailprice` double DEFAULT NULL,
  `date` datetime DEFAULT NULL,
  PRIMARY KEY (`archiveID`),
  UNIQUE KEY `archive_archiveID_uindex` (`archiveID`)
) ENGINE=InnoDB DEFAULT CHARSET=utf8;
/*!40101 SET character_set_client = @saved_cs_client */;

--
-- Dumping data for table `itemarchive`
--

LOCK TABLES `itemarchive` WRITE;
/*!40000 ALTER TABLE `itemarchive` DISABLE KEYS */;
/*!40000 ALTER TABLE `itemarchive` ENABLE KEYS */;
UNLOCK TABLES;

--
-- Table structure for table `itemdeliveries`
--

DROP TABLE IF EXISTS `itemdeliveries`;
/*!40101 SET @saved_cs_client     = @@character_set_client */;
/*!40101 SET character_set_client = utf8 */;
CREATE TABLE `itemdeliveries` (
  `itemdeliveryID` int(11) NOT NULL AUTO_INCREMENT,
  `itemID` int(11) NOT NULL,
  `quantity` int(11) NOT NULL,
  PRIMARY KEY (`itemdeliveryID`)
) ENGINE=InnoDB AUTO_INCREMENT=94 DEFAULT CHARSET=utf8;
/*!40101 SET character_set_client = @saved_cs_client */;

--
-- Dumping data for table `itemdeliveries`
--

LOCK TABLES `itemdeliveries` WRITE;
/*!40000 ALTER TABLE `itemdeliveries` DISABLE KEYS */;
INSERT INTO `itemdeliveries` VALUES (1,1,20),(2,2,120),(3,3,35),(4,2,50),(5,3,26),(6,4,50),(7,5,162),(8,6,57),(9,6,54),(10,7,109),(11,8,109),(12,9,58),(13,10,161),(14,11,58),(15,12,109),(16,13,109),(17,14,47),(18,15,109),(19,16,33),(20,17,10),(21,18,161),(22,19,161),(23,20,161),(24,20,9),(25,21,47),(26,22,47),(29,16,20),(30,17,5),(31,17,10),(32,1,50),(33,1,-3),(34,24,30),(35,20,5),(36,20,5),(37,20,10),(38,25,50),(39,17,-24),(41,24,-100),(42,24,100),(44,24,-100),(45,24,-10),(46,24,85),(47,24,46),(71,17,50),(73,23,15),(80,23,-9),(81,26,50),(82,27,30),(83,28,1),(84,26,-55),(85,26,5),(86,26,20),(87,29,50),(88,22,50),(91,22,-95),(92,22,20),(93,30,23);
/*!40000 ALTER TABLE `itemdeliveries` ENABLE KEYS */;
UNLOCK TABLES;

--
-- Table structure for table `items`
--

DROP TABLE IF EXISTS `items`;
/*!40101 SET @saved_cs_client     = @@character_set_client */;
/*!40101 SET character_set_client = utf8 */;
CREATE TABLE `items` (
  `itemID` int(11) NOT NULL AUTO_INCREMENT,
  `name` char(30) NOT NULL,
  `retailprice` float DEFAULT NULL,
  `available` tinyint(1) NOT NULL DEFAULT '1',
  `category` int(11) DEFAULT NULL,
  PRIMARY KEY (`itemID`)
) ENGINE=InnoDB AUTO_INCREMENT=31 DEFAULT CHARSET=utf8;
/*!40101 SET character_set_client = @saved_cs_client */;

--
-- Dumping data for table `items`
--

LOCK TABLES `items` WRITE;
/*!40000 ALTER TABLE `items` DISABLE KEYS */;
INSERT INTO `items` VALUES (1,'Brot',5,1,1),(2,'Cola',2.5,1,0),(3,'Burger',4.5,0,1),(4,'Käseauflauf',7.6,0,1),(5,'Cola',2.5,0,0),(6,'VeggieBurger',6.5,0,1),(7,'VeggieBurger',6.5,0,1),(8,'VeggieBurger',6.5,0,1),(9,'Burger',4.5,0,1),(10,'Cola',2.5,0,0),(11,'Burger',4.5,1,1),(12,'VeggieBurger',6.5,0,1),(13,'Burger',6.5,0,1),(14,'Auflauf',7.6,0,1),(15,'V-Burger',6.5,0,1),(16,'Pizza',7.99,1,1),(17,'Fanta',2.5,1,0),(18,'Cola',2.5,0,0),(19,'Cola',2.5,0,0),(20,'ColaZero',2.5,0,0),(21,'Käse-Auflauf',7.6,0,1),(22,'Käse-Auflauf',7.99,1,1),(23,'Calzone',8.5,1,1),(24,'Pizza Veggie',9.8,1,1),(25,'Nudelsuppe mit Rindfleisch',11,1,1),(26,'Marmorkuchen',3.33,0,1),(27,'Sushi',9.99,1,1),(28,'test',1,0,1),(29,'Currywust',2.5,1,1),(30,'Marmorkuchen',5,1,1);
/*!40000 ALTER TABLE `items` ENABLE KEYS */;
UNLOCK TABLES;

--
-- Table structure for table `logindata`
--

DROP TABLE IF EXISTS `logindata`;
/*!40101 SET @saved_cs_client     = @@character_set_client */;
/*!40101 SET character_set_client = utf8 */;
CREATE TABLE `logindata` (
  `waiterID` int(11) NOT NULL,
  `loginname` char(20) NOT NULL,
  `passwordhash` char(200) NOT NULL,
  UNIQUE KEY `logindata_waiterID_uindex` (`waiterID`)
) ENGINE=InnoDB DEFAULT CHARSET=utf8;
/*!40101 SET character_set_client = @saved_cs_client */;

--
-- Dumping data for table `logindata`
--

LOCK TABLES `logindata` WRITE;
/*!40000 ALTER TABLE `logindata` DISABLE KEYS */;
INSERT INTO `logindata` VALUES (1,'test','3556498'),(2,'marie.maier','3003444'),(8,'bernd.quer','3556498'),(9,'harald.brecht','3556498');
/*!40000 ALTER TABLE `logindata` ENABLE KEYS */;
UNLOCK TABLES;

--
-- Table structure for table `orderarchive`
--

DROP TABLE IF EXISTS `orderarchive`;
/*!40101 SET @saved_cs_client     = @@character_set_client */;
/*!40101 SET character_set_client = utf8 */;
CREATE TABLE `orderarchive` (
  `archiveID` int(11) NOT NULL AUTO_INCREMENT,
  `orderID` int(11) DEFAULT NULL,
  `ordertime` datetime DEFAULT NULL,
  `tableID` int(11) DEFAULT NULL,
  `waiterID` int(11) DEFAULT NULL,
  `archivetime` datetime DEFAULT NULL,
  PRIMARY KEY (`archiveID`),
  UNIQUE KEY `archiveID_UNIQUE` (`archiveID`)
) ENGINE=InnoDB DEFAULT CHARSET=latin1;
/*!40101 SET character_set_client = @saved_cs_client */;

--
-- Dumping data for table `orderarchive`
--

LOCK TABLES `orderarchive` WRITE;
/*!40000 ALTER TABLE `orderarchive` DISABLE KEYS */;
/*!40000 ALTER TABLE `orderarchive` ENABLE KEYS */;
UNLOCK TABLES;

--
-- Table structure for table `ordereditemarchive`
--

DROP TABLE IF EXISTS `ordereditemarchive`;
/*!40101 SET @saved_cs_client     = @@character_set_client */;
/*!40101 SET character_set_client = utf8 */;
CREATE TABLE `ordereditemarchive` (
  `archiveID` int(11) NOT NULL AUTO_INCREMENT,
  `orderID` int(11) DEFAULT NULL,
  `itemID` int(11) DEFAULT NULL,
  PRIMARY KEY (`archiveID`),
  UNIQUE KEY `archiveID_UNIQUE` (`archiveID`)
) ENGINE=InnoDB DEFAULT CHARSET=latin1;
/*!40101 SET character_set_client = @saved_cs_client */;

--
-- Dumping data for table `ordereditemarchive`
--

LOCK TABLES `ordereditemarchive` WRITE;
/*!40000 ALTER TABLE `ordereditemarchive` DISABLE KEYS */;
/*!40000 ALTER TABLE `ordereditemarchive` ENABLE KEYS */;
UNLOCK TABLES;

--
-- Table structure for table `ordereditems`
--

DROP TABLE IF EXISTS `ordereditems`;
/*!40101 SET @saved_cs_client     = @@character_set_client */;
/*!40101 SET character_set_client = utf8 */;
CREATE TABLE `ordereditems` (
  `orderedItemID` int(11) NOT NULL AUTO_INCREMENT,
  `orderID` int(11) NOT NULL,
  `itemID` int(11) NOT NULL,
  `itemPaid` tinyint(1) DEFAULT '0',
  `itemProduced` tinyint(1) DEFAULT '0',
  `comment` char(30) DEFAULT NULL,
  `status` tinyint(4) NOT NULL DEFAULT '0',
  `firstUserID` int(11) DEFAULT NULL,
  `secondUserID` int(11) DEFAULT NULL,
  `thirdUserID` int(11) DEFAULT NULL,
  `fourthUserID` int(11) DEFAULT NULL,
  `firstScan` datetime DEFAULT NULL,
  `secondScan` datetime DEFAULT NULL,
  `thirdScan` datetime DEFAULT NULL,
  `fourthScan` datetime DEFAULT NULL,
  PRIMARY KEY (`orderedItemID`)
) ENGINE=InnoDB AUTO_INCREMENT=559 DEFAULT CHARSET=utf8;
/*!40101 SET character_set_client = @saved_cs_client */;

--
-- Dumping data for table `ordereditems`
--

LOCK TABLES `ordereditems` WRITE;
/*!40000 ALTER TABLE `ordereditems` DISABLE KEYS */;
INSERT INTO `ordereditems` VALUES (3,6,6,1,1,NULL,0,NULL,NULL,NULL,NULL,NULL,NULL,NULL,NULL),(4,6,1,1,1,NULL,0,NULL,NULL,NULL,NULL,NULL,NULL,NULL,NULL),(5,10,16,1,1,NULL,0,NULL,NULL,NULL,NULL,NULL,NULL,NULL,NULL),(6,10,11,1,1,NULL,0,NULL,NULL,NULL,NULL,NULL,NULL,NULL,NULL),(9,10,20,1,1,NULL,0,NULL,NULL,NULL,NULL,NULL,NULL,NULL,NULL),(12,11,11,1,1,NULL,0,NULL,NULL,NULL,NULL,NULL,NULL,NULL,NULL),(13,38,1,1,1,NULL,0,NULL,NULL,NULL,NULL,NULL,NULL,NULL,NULL),(14,38,1,1,1,NULL,0,NULL,NULL,NULL,NULL,NULL,NULL,NULL,NULL),(15,38,1,1,1,NULL,0,NULL,NULL,NULL,NULL,NULL,NULL,NULL,NULL),(16,38,1,1,1,NULL,0,NULL,NULL,NULL,NULL,NULL,NULL,NULL,NULL),(17,38,1,1,1,NULL,0,NULL,NULL,NULL,NULL,NULL,NULL,NULL,NULL),(18,38,1,1,1,NULL,0,NULL,NULL,NULL,NULL,NULL,NULL,NULL,NULL),(19,38,2,1,1,NULL,0,NULL,NULL,NULL,NULL,NULL,NULL,NULL,NULL),(20,38,2,1,1,NULL,0,NULL,NULL,NULL,NULL,NULL,NULL,NULL,NULL),(21,38,2,1,1,NULL,0,NULL,NULL,NULL,NULL,NULL,NULL,NULL,NULL),(22,38,11,1,1,NULL,0,NULL,NULL,NULL,NULL,NULL,NULL,NULL,NULL),(24,38,17,1,1,NULL,0,NULL,NULL,NULL,NULL,NULL,NULL,NULL,NULL),(34,10,16,1,1,NULL,0,NULL,NULL,NULL,NULL,NULL,NULL,NULL,NULL),(35,10,1,1,1,NULL,0,NULL,NULL,NULL,NULL,NULL,NULL,NULL,NULL),(36,10,2,1,1,NULL,0,NULL,NULL,NULL,NULL,NULL,NULL,NULL,NULL),(37,10,11,1,1,NULL,0,NULL,NULL,NULL,NULL,NULL,NULL,NULL,NULL),(38,10,16,1,1,NULL,0,NULL,NULL,NULL,NULL,NULL,NULL,NULL,NULL),(39,10,1,1,1,NULL,0,NULL,NULL,NULL,NULL,NULL,NULL,NULL,NULL),(40,10,1,1,1,NULL,0,NULL,NULL,NULL,NULL,NULL,NULL,NULL,NULL),(41,10,1,1,1,NULL,0,NULL,NULL,NULL,NULL,NULL,NULL,NULL,NULL),(42,10,1,1,1,NULL,0,NULL,NULL,NULL,NULL,NULL,NULL,NULL,NULL),(43,48,1,1,1,NULL,0,NULL,NULL,NULL,NULL,NULL,NULL,NULL,NULL),(44,48,2,1,1,NULL,0,NULL,NULL,NULL,NULL,NULL,NULL,NULL,NULL),(45,48,11,1,1,NULL,0,NULL,NULL,NULL,NULL,NULL,NULL,NULL,NULL),(46,48,16,1,1,NULL,0,NULL,NULL,NULL,NULL,NULL,NULL,NULL,NULL),(47,48,17,1,1,NULL,0,NULL,NULL,NULL,NULL,NULL,NULL,NULL,NULL),(48,48,17,1,1,NULL,0,NULL,NULL,NULL,NULL,NULL,NULL,NULL,NULL),(49,48,17,1,1,NULL,0,NULL,NULL,NULL,NULL,NULL,NULL,NULL,NULL),(50,48,20,1,1,NULL,0,NULL,NULL,NULL,NULL,NULL,NULL,NULL,NULL),(51,48,20,1,1,NULL,0,NULL,NULL,NULL,NULL,NULL,NULL,NULL,NULL),(52,48,20,1,1,NULL,0,NULL,NULL,NULL,NULL,NULL,NULL,NULL,NULL),(53,48,20,1,1,NULL,0,NULL,NULL,NULL,NULL,NULL,NULL,NULL,NULL),(54,48,20,1,1,NULL,0,NULL,NULL,NULL,NULL,NULL,NULL,NULL,NULL),(55,48,20,1,1,NULL,0,NULL,NULL,NULL,NULL,NULL,NULL,NULL,NULL),(56,48,20,1,1,NULL,0,NULL,NULL,NULL,NULL,NULL,NULL,NULL,NULL),(57,48,20,1,1,NULL,0,NULL,NULL,NULL,NULL,NULL,NULL,NULL,NULL),(58,48,20,1,1,NULL,0,NULL,NULL,NULL,NULL,NULL,NULL,NULL,NULL),(59,48,20,1,1,NULL,0,NULL,NULL,NULL,NULL,NULL,NULL,NULL,NULL),(60,48,22,1,1,NULL,0,NULL,NULL,NULL,NULL,NULL,NULL,NULL,NULL),(87,65,1,1,1,NULL,0,NULL,NULL,NULL,NULL,NULL,NULL,NULL,NULL),(88,65,1,1,1,NULL,0,NULL,NULL,NULL,NULL,NULL,NULL,NULL,NULL),(89,65,1,1,1,NULL,0,NULL,NULL,NULL,NULL,NULL,NULL,NULL,NULL),(90,65,1,1,1,NULL,0,NULL,NULL,NULL,NULL,NULL,NULL,NULL,NULL),(91,73,1,1,1,NULL,0,NULL,NULL,NULL,NULL,NULL,NULL,NULL,NULL),(92,73,1,1,1,NULL,0,NULL,NULL,NULL,NULL,NULL,NULL,NULL,NULL),(93,73,2,1,1,NULL,0,NULL,NULL,NULL,NULL,NULL,NULL,NULL,NULL),(94,73,2,1,1,NULL,0,NULL,NULL,NULL,NULL,NULL,NULL,NULL,NULL),(95,74,1,1,1,NULL,0,NULL,NULL,NULL,NULL,NULL,NULL,NULL,NULL),(96,74,2,1,1,NULL,0,NULL,NULL,NULL,NULL,NULL,NULL,NULL,NULL),(97,74,1,1,1,NULL,0,NULL,NULL,NULL,NULL,NULL,NULL,NULL,NULL),(98,75,1,1,1,NULL,0,NULL,NULL,NULL,NULL,NULL,NULL,NULL,NULL),(99,75,1,1,1,NULL,0,NULL,NULL,NULL,NULL,NULL,NULL,NULL,NULL),(100,76,1,1,1,NULL,0,NULL,NULL,NULL,NULL,NULL,NULL,NULL,NULL),(101,76,1,1,1,NULL,0,NULL,NULL,NULL,NULL,NULL,NULL,NULL,NULL),(102,77,1,1,1,NULL,0,NULL,NULL,NULL,NULL,NULL,NULL,NULL,NULL),(103,77,2,1,1,NULL,0,NULL,NULL,NULL,NULL,NULL,NULL,NULL,NULL),(114,79,24,1,1,NULL,0,NULL,NULL,NULL,NULL,NULL,NULL,NULL,NULL),(115,79,24,1,1,NULL,0,NULL,NULL,NULL,NULL,NULL,NULL,NULL,NULL),(116,79,24,1,1,NULL,0,NULL,NULL,NULL,NULL,NULL,NULL,NULL,NULL),(117,79,16,1,1,NULL,0,NULL,NULL,NULL,NULL,NULL,NULL,NULL,NULL),(118,79,16,1,1,NULL,0,NULL,NULL,NULL,NULL,NULL,NULL,NULL,NULL),(119,79,16,1,1,NULL,0,NULL,NULL,NULL,NULL,NULL,NULL,NULL,NULL),(120,79,17,1,1,NULL,0,NULL,NULL,NULL,NULL,NULL,NULL,NULL,NULL),(121,79,17,1,1,NULL,0,NULL,NULL,NULL,NULL,NULL,NULL,NULL,NULL),(122,79,17,1,1,NULL,0,NULL,NULL,NULL,NULL,NULL,NULL,NULL,NULL),(123,79,20,1,1,NULL,0,NULL,NULL,NULL,NULL,NULL,NULL,NULL,NULL),(125,85,20,1,1,NULL,0,NULL,NULL,NULL,NULL,NULL,NULL,NULL,NULL),(126,85,20,1,1,NULL,0,NULL,NULL,NULL,NULL,NULL,NULL,NULL,NULL),(127,85,20,1,1,NULL,0,NULL,NULL,NULL,NULL,NULL,NULL,NULL,NULL),(128,85,20,1,1,NULL,0,NULL,NULL,NULL,NULL,NULL,NULL,NULL,NULL),(129,85,17,1,1,NULL,0,NULL,NULL,NULL,NULL,NULL,NULL,NULL,NULL),(130,85,17,1,1,NULL,0,NULL,NULL,NULL,NULL,NULL,NULL,NULL,NULL),(131,85,16,1,1,NULL,0,NULL,NULL,NULL,NULL,NULL,NULL,NULL,NULL),(132,85,11,1,1,NULL,0,NULL,NULL,NULL,NULL,NULL,NULL,NULL,NULL),(133,85,11,1,1,NULL,0,NULL,NULL,NULL,NULL,NULL,NULL,NULL,NULL),(134,85,2,1,1,NULL,0,NULL,NULL,NULL,NULL,NULL,NULL,NULL,NULL),(135,85,2,1,1,NULL,0,NULL,NULL,NULL,NULL,NULL,NULL,NULL,NULL),(136,85,20,1,1,NULL,0,NULL,NULL,NULL,NULL,NULL,NULL,NULL,NULL),(137,85,23,1,1,NULL,0,NULL,NULL,NULL,NULL,NULL,NULL,NULL,NULL),(141,93,16,1,1,NULL,0,NULL,NULL,NULL,NULL,NULL,NULL,NULL,NULL),(142,93,17,1,1,NULL,0,NULL,NULL,NULL,NULL,NULL,NULL,NULL,NULL),(143,93,20,1,1,NULL,0,NULL,NULL,NULL,NULL,NULL,NULL,NULL,NULL),(144,96,1,1,1,NULL,0,NULL,NULL,NULL,NULL,NULL,NULL,NULL,NULL),(145,96,2,1,1,NULL,0,NULL,NULL,NULL,NULL,NULL,NULL,NULL,NULL),(146,96,11,1,1,NULL,0,NULL,NULL,NULL,NULL,NULL,NULL,NULL,NULL),(147,96,16,1,1,NULL,0,NULL,NULL,NULL,NULL,NULL,NULL,NULL,NULL),(148,96,17,1,1,NULL,0,NULL,NULL,NULL,NULL,NULL,NULL,NULL,NULL),(149,96,20,1,1,NULL,0,NULL,NULL,NULL,NULL,NULL,NULL,NULL,NULL),(150,99,23,1,1,NULL,0,NULL,NULL,NULL,NULL,NULL,NULL,NULL,NULL),(151,99,23,1,1,NULL,0,NULL,NULL,NULL,NULL,NULL,NULL,NULL,NULL),(153,100,1,1,1,NULL,0,NULL,NULL,NULL,NULL,NULL,NULL,NULL,NULL),(154,100,2,1,1,NULL,0,NULL,NULL,NULL,NULL,NULL,NULL,NULL,NULL),(155,100,16,1,1,NULL,0,NULL,NULL,NULL,NULL,NULL,NULL,NULL,NULL),(156,100,17,1,1,NULL,0,NULL,NULL,NULL,NULL,NULL,NULL,NULL,NULL),(157,100,20,1,1,NULL,0,NULL,NULL,NULL,NULL,NULL,NULL,NULL,NULL),(158,100,22,1,1,NULL,0,NULL,NULL,NULL,NULL,NULL,NULL,NULL,NULL),(160,100,24,1,1,NULL,0,NULL,NULL,NULL,NULL,NULL,NULL,NULL,NULL),(415,103,22,1,1,NULL,0,NULL,NULL,NULL,NULL,NULL,NULL,NULL,NULL),(416,103,20,1,1,NULL,0,NULL,NULL,NULL,NULL,NULL,NULL,NULL,NULL),(417,103,20,1,1,NULL,0,NULL,NULL,NULL,NULL,NULL,NULL,NULL,NULL),(418,103,20,1,1,NULL,0,NULL,NULL,NULL,NULL,NULL,NULL,NULL,NULL),(419,103,20,1,1,NULL,0,NULL,NULL,NULL,NULL,NULL,NULL,NULL,NULL),(420,110,16,1,1,NULL,0,NULL,NULL,NULL,NULL,NULL,NULL,NULL,NULL),(421,110,16,1,1,NULL,0,NULL,NULL,NULL,NULL,NULL,NULL,NULL,NULL),(422,110,16,1,1,NULL,0,NULL,NULL,NULL,NULL,NULL,NULL,NULL,NULL),(423,109,1,1,1,NULL,0,NULL,NULL,NULL,NULL,NULL,NULL,NULL,NULL),(424,109,2,1,1,NULL,0,NULL,NULL,NULL,NULL,NULL,NULL,NULL,NULL),(425,109,2,1,1,NULL,0,NULL,NULL,NULL,NULL,NULL,NULL,NULL,NULL),(426,110,1,1,1,NULL,0,NULL,NULL,NULL,NULL,NULL,NULL,NULL,NULL),(427,113,1,1,1,NULL,0,NULL,NULL,NULL,NULL,NULL,NULL,NULL,NULL),(428,113,2,1,1,NULL,0,NULL,NULL,NULL,NULL,NULL,NULL,NULL,NULL),(429,113,11,1,1,NULL,0,NULL,NULL,NULL,NULL,NULL,NULL,NULL,NULL),(430,113,16,1,1,NULL,0,NULL,NULL,NULL,NULL,NULL,NULL,NULL,NULL),(431,113,16,1,1,NULL,0,NULL,NULL,NULL,NULL,NULL,NULL,NULL,NULL),(432,113,16,1,1,NULL,0,NULL,NULL,NULL,NULL,NULL,NULL,NULL,NULL),(433,113,16,1,1,NULL,0,NULL,NULL,NULL,NULL,NULL,NULL,NULL,NULL),(434,113,25,1,1,NULL,0,NULL,NULL,NULL,NULL,NULL,NULL,NULL,NULL),(435,113,25,1,1,NULL,0,NULL,NULL,NULL,NULL,NULL,NULL,NULL,NULL),(436,113,25,1,1,NULL,0,NULL,NULL,NULL,NULL,NULL,NULL,NULL,NULL),(437,113,25,1,1,NULL,0,NULL,NULL,NULL,NULL,NULL,NULL,NULL,NULL),(438,113,25,1,1,NULL,0,NULL,NULL,NULL,NULL,NULL,NULL,NULL,NULL),(439,113,25,1,1,NULL,0,NULL,NULL,NULL,NULL,NULL,NULL,NULL,NULL),(440,113,25,1,1,NULL,0,NULL,NULL,NULL,NULL,NULL,NULL,NULL,NULL),(441,113,25,1,1,NULL,4,1,1,1,1,'2019-04-24 13:12:08','2019-04-24 13:12:59','2019-04-24 13:13:53','2019-04-24 13:22:44'),(442,113,25,1,1,NULL,4,1,1,1,1,'2019-04-24 13:12:08','2019-04-24 13:12:59','2019-04-24 13:13:53','2019-04-24 13:22:44'),(443,113,25,1,1,NULL,4,1,1,1,1,'2019-04-24 13:12:08','2019-04-24 13:12:59','2019-04-24 13:13:53','2019-04-24 13:22:44'),(444,113,25,1,1,NULL,2,1,1,NULL,NULL,'2019-04-24 13:12:08','2019-04-24 13:12:59',NULL,NULL),(445,114,25,1,1,NULL,1,1,NULL,NULL,NULL,'2019-04-24 13:12:08',NULL,NULL,NULL),(446,114,17,1,1,NULL,0,NULL,NULL,NULL,NULL,NULL,NULL,NULL,NULL),(447,114,17,1,1,NULL,0,NULL,NULL,NULL,NULL,NULL,NULL,NULL,NULL),(448,117,1,1,1,NULL,0,NULL,NULL,NULL,NULL,NULL,NULL,NULL,NULL),(449,118,1,1,1,NULL,0,NULL,NULL,NULL,NULL,NULL,NULL,NULL,NULL),(450,118,2,1,1,NULL,0,NULL,NULL,NULL,NULL,NULL,NULL,NULL,NULL),(451,118,11,1,1,NULL,0,NULL,NULL,NULL,NULL,NULL,NULL,NULL,NULL),(452,121,11,1,1,NULL,0,NULL,NULL,NULL,NULL,NULL,NULL,NULL,NULL),(454,121,22,1,1,NULL,0,NULL,NULL,NULL,NULL,NULL,NULL,NULL,NULL),(455,121,17,1,1,NULL,0,NULL,NULL,NULL,NULL,NULL,NULL,NULL,NULL),(456,122,16,1,1,NULL,0,NULL,NULL,NULL,NULL,NULL,NULL,NULL,NULL),(457,122,16,1,1,NULL,0,NULL,NULL,NULL,NULL,NULL,NULL,NULL,NULL),(458,122,16,1,1,NULL,0,NULL,NULL,NULL,NULL,NULL,NULL,NULL,NULL),(459,123,16,1,1,NULL,0,NULL,NULL,NULL,NULL,NULL,NULL,NULL,NULL),(460,123,16,1,1,NULL,0,NULL,NULL,NULL,NULL,NULL,NULL,NULL,NULL),(461,123,20,1,1,NULL,0,NULL,NULL,NULL,NULL,NULL,NULL,NULL,NULL),(462,123,22,1,1,NULL,0,NULL,NULL,NULL,NULL,NULL,NULL,NULL,NULL),(465,123,25,1,1,NULL,0,NULL,NULL,NULL,NULL,NULL,NULL,NULL,NULL),(466,123,24,1,1,NULL,0,NULL,NULL,NULL,NULL,NULL,NULL,NULL,NULL),(468,123,22,1,1,NULL,0,NULL,NULL,NULL,NULL,NULL,NULL,NULL,NULL),(469,123,16,1,1,NULL,0,NULL,NULL,NULL,NULL,NULL,NULL,NULL,NULL),(471,123,11,1,0,NULL,0,NULL,NULL,NULL,NULL,NULL,NULL,NULL,NULL),(474,123,11,1,1,NULL,0,NULL,NULL,NULL,NULL,NULL,NULL,NULL,NULL),(475,123,16,1,1,NULL,0,NULL,NULL,NULL,NULL,NULL,NULL,NULL,NULL),(476,123,17,1,1,NULL,0,NULL,NULL,NULL,NULL,NULL,NULL,NULL,NULL),(477,123,1,1,1,NULL,0,NULL,NULL,NULL,NULL,NULL,NULL,NULL,NULL),(478,114,1,1,1,NULL,0,NULL,NULL,NULL,NULL,NULL,NULL,NULL,NULL),(479,114,17,1,1,NULL,0,NULL,NULL,NULL,NULL,NULL,NULL,NULL,NULL),(480,138,2,1,1,NULL,0,NULL,NULL,NULL,NULL,NULL,NULL,NULL,NULL),(481,138,11,1,1,NULL,0,NULL,NULL,NULL,NULL,NULL,NULL,NULL,NULL),(482,138,16,1,1,NULL,0,NULL,NULL,NULL,NULL,NULL,NULL,NULL,NULL),(483,138,11,1,1,NULL,0,NULL,NULL,NULL,NULL,NULL,NULL,NULL,NULL),(484,139,1,1,1,NULL,0,NULL,NULL,NULL,NULL,NULL,NULL,NULL,NULL),(485,139,2,1,1,NULL,0,NULL,NULL,NULL,NULL,NULL,NULL,NULL,NULL),(486,139,11,1,1,NULL,0,NULL,NULL,NULL,NULL,NULL,NULL,NULL,NULL),(487,139,11,1,1,NULL,0,NULL,NULL,NULL,NULL,NULL,NULL,NULL,NULL),(488,139,16,1,1,NULL,0,NULL,NULL,NULL,NULL,NULL,NULL,NULL,NULL),(489,139,16,1,1,NULL,0,NULL,NULL,NULL,NULL,NULL,NULL,NULL,NULL),(490,139,16,1,1,NULL,0,NULL,NULL,NULL,NULL,NULL,NULL,NULL,NULL),(491,140,1,1,1,NULL,0,NULL,NULL,NULL,NULL,NULL,NULL,NULL,NULL),(492,139,22,1,1,NULL,0,NULL,NULL,NULL,NULL,NULL,NULL,NULL,NULL),(493,139,22,1,1,NULL,0,NULL,NULL,NULL,NULL,NULL,NULL,NULL,NULL),(510,145,1,1,1,NULL,0,NULL,NULL,NULL,NULL,NULL,NULL,NULL,NULL),(511,145,2,1,1,NULL,0,NULL,NULL,NULL,NULL,NULL,NULL,NULL,NULL),(512,145,11,1,1,NULL,0,NULL,NULL,NULL,NULL,NULL,NULL,NULL,NULL),(524,147,1,1,1,NULL,0,NULL,NULL,NULL,NULL,NULL,NULL,NULL,NULL),(525,147,2,1,1,NULL,0,NULL,NULL,NULL,NULL,NULL,NULL,NULL,NULL),(526,147,11,1,1,NULL,0,NULL,NULL,NULL,NULL,NULL,NULL,NULL,NULL),(527,147,25,1,1,NULL,0,NULL,NULL,NULL,NULL,NULL,NULL,NULL,NULL),(528,147,25,1,1,NULL,0,NULL,NULL,NULL,NULL,NULL,NULL,NULL,NULL),(529,147,25,1,1,NULL,0,NULL,NULL,NULL,NULL,NULL,NULL,NULL,NULL),(533,6,1,1,1,NULL,0,NULL,NULL,NULL,NULL,NULL,NULL,NULL,NULL),(534,6,1,1,1,NULL,0,NULL,NULL,NULL,NULL,NULL,NULL,NULL,NULL),(535,6,1,1,1,NULL,0,NULL,NULL,NULL,NULL,NULL,NULL,NULL,NULL),(536,6,1,1,1,NULL,0,NULL,NULL,NULL,NULL,NULL,NULL,NULL,NULL),(537,6,2,1,1,NULL,0,NULL,NULL,NULL,NULL,NULL,NULL,NULL,NULL),(538,6,11,1,1,NULL,0,NULL,NULL,NULL,NULL,NULL,NULL,NULL,NULL),(539,148,1,1,1,NULL,0,NULL,NULL,NULL,NULL,NULL,NULL,NULL,NULL),(540,148,2,1,1,NULL,0,NULL,NULL,NULL,NULL,NULL,NULL,NULL,NULL),(541,148,11,1,1,NULL,0,NULL,NULL,NULL,NULL,NULL,NULL,NULL,NULL),(542,148,16,1,1,'mit Pepperoni',0,NULL,NULL,NULL,NULL,NULL,NULL,NULL,NULL),(543,148,16,1,1,'mit Schinken',1,1,NULL,NULL,NULL,'2019-04-23 19:22:48',NULL,NULL,NULL),(544,149,1,1,1,'asgj',1,1,NULL,NULL,NULL,'2019-04-23 19:20:03',NULL,NULL,NULL),(545,150,1,1,1,'daaf',2,1,1,NULL,NULL,'2019-04-23 19:44:10','2019-04-23 19:56:06',NULL,NULL),(546,103,17,1,1,NULL,2,1,1,NULL,NULL,'2019-04-23 19:44:10','2019-04-23 19:56:06',NULL,NULL),(547,153,1,1,0,NULL,4,1,1,1,1,'2019-04-23 19:44:10','2019-04-23 19:56:06','2019-04-23 19:57:10','2019-04-23 19:57:52'),(548,153,23,1,0,NULL,4,1,1,1,1,'2019-04-23 19:44:10','2019-04-23 19:56:07','2019-04-23 19:57:10','2019-04-23 19:57:52'),(549,155,23,0,0,NULL,4,1,1,8,8,'2019-04-25 10:50:51','2019-04-25 10:51:33','2019-04-25 10:54:01','2019-04-25 11:18:52'),(550,155,2,0,0,NULL,1,1,NULL,NULL,NULL,'2019-04-25 10:50:51',NULL,NULL,NULL),(551,155,29,0,0,NULL,4,1,1,8,8,'2019-04-25 10:50:51','2019-04-25 10:51:33','2019-04-25 10:54:01','2019-04-25 11:18:52'),(552,159,1,0,0,NULL,0,NULL,NULL,NULL,NULL,NULL,NULL,NULL,NULL),(553,159,2,0,0,NULL,0,NULL,NULL,NULL,NULL,NULL,NULL,NULL,NULL),(554,159,23,0,0,NULL,1,8,NULL,NULL,NULL,'2019-04-25 11:53:31',NULL,NULL,NULL),(555,159,30,0,0,NULL,4,8,8,8,8,'2019-04-25 11:53:31','2019-04-25 11:54:57','2019-04-25 11:55:08','2019-04-25 11:55:17'),(556,159,16,0,0,NULL,2,8,8,NULL,NULL,'2019-04-25 11:37:23','2019-04-25 11:38:14',NULL,NULL),(557,159,25,0,0,NULL,1,8,NULL,NULL,NULL,'2019-04-25 11:37:23',NULL,NULL,NULL),(558,159,24,0,0,NULL,3,8,8,8,NULL,'2019-04-25 11:37:23','2019-04-25 11:51:40','2019-04-25 11:52:47',NULL);
/*!40000 ALTER TABLE `ordereditems` ENABLE KEYS */;
UNLOCK TABLES;

--
-- Table structure for table `orders`
--

DROP TABLE IF EXISTS `orders`;
/*!40101 SET @saved_cs_client     = @@character_set_client */;
/*!40101 SET character_set_client = utf8 */;
CREATE TABLE `orders` (
  `orderID` int(11) NOT NULL AUTO_INCREMENT,
  `date` datetime DEFAULT NULL,
  `tableID` int(11) NOT NULL,
  `waiterID` int(11) DEFAULT NULL,
  PRIMARY KEY (`orderID`)
) ENGINE=InnoDB AUTO_INCREMENT=162 DEFAULT CHARSET=utf8;
/*!40101 SET character_set_client = @saved_cs_client */;

--
-- Dumping data for table `orders`
--

LOCK TABLES `orders` WRITE;
/*!40000 ALTER TABLE `orders` DISABLE KEYS */;
INSERT INTO `orders` VALUES (6,'2017-12-03 19:51:12',1,2),(10,'2017-12-14 13:07:19',2,3),(11,'2017-12-14 13:35:39',4,4),(38,'2018-03-09 11:04:36',1,1),(48,'2018-03-15 11:41:26',5,2),(65,'2018-03-15 12:36:08',5,4),(73,'2018-03-15 17:35:50',5,1),(74,'2018-03-15 17:38:08',5,1),(75,'2018-03-15 17:40:17',2,2),(76,'2018-03-15 17:42:06',2,2),(77,'2018-03-15 17:44:50',2,2),(79,'2018-03-18 16:39:47',2,1),(85,'2018-03-18 16:50:58',2,1),(93,'2018-03-18 17:00:57',2,1),(96,'2018-03-18 17:01:38',7,1),(99,'2018-03-18 17:11:40',5,1),(100,'2018-03-18 17:15:14',1,1),(103,'2018-03-18 17:19:44',7,1),(109,'2018-03-19 12:50:45',1,4),(110,'2018-03-19 12:51:14',1,4),(114,'2018-03-19 12:59:57',1,4),(117,'2018-03-19 13:05:36',4,4),(118,'2018-03-19 13:07:44',4,4),(119,'2018-03-19 13:08:12',5,4),(120,'2018-03-19 13:08:20',5,4),(121,'2018-03-19 13:08:40',2,4),(122,'2018-03-19 13:12:54',2,4),(123,'2018-03-19 13:13:34',2,4),(139,'2018-03-19 13:40:42',1,4),(140,'2018-03-19 13:44:19',2,4),(145,'2018-03-19 13:57:16',1,4),(147,'2018-03-19 14:08:17',6,4),(148,'2018-03-19 14:47:55',1,4),(149,'2018-03-19 14:52:20',1,4),(150,'2018-03-19 14:53:43',1,4),(151,'2019-04-13 12:06:33',10,1),(152,'2019-04-23 18:22:41',9,1),(153,'2019-04-23 18:26:23',5,1),(154,'2019-04-23 18:48:51',9,1),(155,'2019-04-24 14:18:51',9,1),(156,'2019-04-24 14:24:24',9,1),(157,'2019-04-24 20:43:30',2,1),(158,'2019-04-25 11:08:58',7,8),(159,'2019-04-25 11:35:41',5,8),(160,'2019-04-28 12:29:46',4,1),(161,'2019-04-28 12:29:59',10,1);
/*!40000 ALTER TABLE `orders` ENABLE KEYS */;
UNLOCK TABLES;

--
-- Table structure for table `statustext`
--

DROP TABLE IF EXISTS `statustext`;
/*!40101 SET @saved_cs_client     = @@character_set_client */;
/*!40101 SET character_set_client = utf8 */;
CREATE TABLE `statustext` (
  `statusID` int(11) NOT NULL,
  `text` varchar(255) DEFAULT NULL,
  PRIMARY KEY (`statusID`)
) ENGINE=InnoDB DEFAULT CHARSET=latin1;
/*!40101 SET character_set_client = @saved_cs_client */;

--
-- Dumping data for table `statustext`
--

LOCK TABLES `statustext` WRITE;
/*!40000 ALTER TABLE `statustext` DISABLE KEYS */;
INSERT INTO `statustext` VALUES (0,'Die Bestellung wurde angelegt'),(1,'Die Bearbeitung der Bestellung wurde begonnen'),(2,'Das Produkt ist fertig'),(3,'Das Produkt befindet sich in der Auslieferung'),(4,'Das Produkt wurde ausgeliefert');
/*!40000 ALTER TABLE `statustext` ENABLE KEYS */;
UNLOCK TABLES;

--
-- Table structure for table `statustexttustext`
--

DROP TABLE IF EXISTS `statustexttustext`;
/*!40101 SET @saved_cs_client     = @@character_set_client */;
/*!40101 SET character_set_client = utf8 */;
CREATE TABLE `statustexttustext` (
  `ID` int(11) NOT NULL AUTO_INCREMENT,
  `text` varchar(255) DEFAULT NULL,
  PRIMARY KEY (`ID`)
) ENGINE=InnoDB DEFAULT CHARSET=latin1;
/*!40101 SET character_set_client = @saved_cs_client */;

--
-- Dumping data for table `statustexttustext`
--

LOCK TABLES `statustexttustext` WRITE;
/*!40000 ALTER TABLE `statustexttustext` DISABLE KEYS */;
/*!40000 ALTER TABLE `statustexttustext` ENABLE KEYS */;
UNLOCK TABLES;

--
-- Table structure for table `tables`
--

DROP TABLE IF EXISTS `tables`;
/*!40101 SET @saved_cs_client     = @@character_set_client */;
/*!40101 SET character_set_client = utf8 */;
CREATE TABLE `tables` (
  `tableID` int(11) NOT NULL AUTO_INCREMENT,
  `name` char(30) NOT NULL,
  `seats` int(11) DEFAULT '0',
  `available` tinyint(1) NOT NULL DEFAULT '1',
  PRIMARY KEY (`tableID`)
) ENGINE=InnoDB AUTO_INCREMENT=15 DEFAULT CHARSET=utf8;
/*!40101 SET character_set_client = @saved_cs_client */;

--
-- Dumping data for table `tables`
--

LOCK TABLES `tables` WRITE;
/*!40000 ALTER TABLE `tables` DISABLE KEYS */;
INSERT INTO `tables` VALUES (1,'A1',5,1),(2,'A2',4,1),(3,'A3',10,0),(4,'B1',2,1),(5,'B2',2,1),(6,'B3',4,0),(7,'B66',6,1),(8,'B36',8,0),(9,'B33',8,1),(10,'A4',5,1),(11,'B6',10,1),(12,'G5',3,1),(13,'G1',8,1),(14,'B36-a',8,1);
/*!40000 ALTER TABLE `tables` ENABLE KEYS */;
UNLOCK TABLES;

--
-- Table structure for table `waiters`
--

DROP TABLE IF EXISTS `waiters`;
/*!40101 SET @saved_cs_client     = @@character_set_client */;
/*!40101 SET character_set_client = utf8 */;
CREATE TABLE `waiters` (
  `waiterID` int(11) NOT NULL AUTO_INCREMENT,
  `lastname` char(20) DEFAULT NULL,
  `prename` char(20) DEFAULT NULL,
  `employed` tinyint(1) NOT NULL DEFAULT '1',
  PRIMARY KEY (`waiterID`),
  UNIQUE KEY `waiters_waiterID_uindex` (`waiterID`)
) ENGINE=InnoDB AUTO_INCREMENT=11 DEFAULT CHARSET=utf8;
/*!40101 SET character_set_client = @saved_cs_client */;

--
-- Dumping data for table `waiters`
--

LOCK TABLES `waiters` WRITE;
/*!40000 ALTER TABLE `waiters` DISABLE KEYS */;
INSERT INTO `waiters` VALUES (1,'Müller','Hans',1),(2,'Maier','Max',1),(3,'Hohenhaus','Leila',1),(4,'Paulus','Oliver',0),(7,'Jodel','Jan',0),(8,'Quer','Bernd',1),(9,'Brecht','Harald',1),(10,'Drang','Daniel Detlef',1);
/*!40000 ALTER TABLE `waiters` ENABLE KEYS */;
UNLOCK TABLES;
/*!40103 SET TIME_ZONE=@OLD_TIME_ZONE */;

/*!40101 SET SQL_MODE=@OLD_SQL_MODE */;
/*!40014 SET FOREIGN_KEY_CHECKS=@OLD_FOREIGN_KEY_CHECKS */;
/*!40014 SET UNIQUE_CHECKS=@OLD_UNIQUE_CHECKS */;
/*!40101 SET CHARACTER_SET_CLIENT=@OLD_CHARACTER_SET_CLIENT */;
/*!40101 SET CHARACTER_SET_RESULTS=@OLD_CHARACTER_SET_RESULTS */;
/*!40101 SET COLLATION_CONNECTION=@OLD_COLLATION_CONNECTION */;
/*!40111 SET SQL_NOTES=@OLD_SQL_NOTES */;

-- Dump completed on 2019-04-28 12:41:40
